Province,Health region,Hospital name,Type of hospital*,Teaching status,Intensive Care,Obstetrics,Pediatrics,"Mental Health 
and Addictions ",Rehabilitation,Long-Term Care,Other Acute,Total
AB,Calgary Zone,Alberta Children’s Hospital,S-Ped,Teaching, 29 , — , 92 , 12 , — , — , 8 , 141 
AB,Calgary Zone,Canmore General Hospital,"G,E",Non-Teaching, — , — , — , — , — , 23 , 21 , 44 
AB,Calgary Zone,Claresholm General Hospital,G,Non-Teaching, — , — , — , — , — , — , 16 , 16 
AB,Calgary Zone,Covenant Health Mineral Springs Hospital,"G,E",Non-Teaching, — , — , — , — , — , 25 , 22 , 47 
AB,Calgary Zone,Didsbury District Health Services,"G,E",Non-Teaching, — , — , — , — , — , 21 , 16 , 37 
AB,Calgary Zone,Foothills Medical Centre,G,Teaching, 107 , 53 , — , 81 , 45 , — , 779 ," 1,065 "
AB,Calgary Zone,High River General Hospital,"G,E",Non-Teaching, — , — , — , — , — , 50 , 27 , 77 
AB,Calgary Zone,Oilfields General Hospital,"G,E",Non-Teaching, — , — , — , — , — , 30 , 15 , 45 
AB,Calgary Zone,Peter Lougheed Centre,G,Teaching, 51 , 39 , 12 , 110 , — , — , 285 , 497 
AB,Calgary Zone,Rockyview General Hospital,G,Teaching, 47 , 40 , — , 70 , 50 , — , 386 , 593 
AB,Calgary Zone,South Health Campus,G,Non-Teaching, 28 , 24 , — , 36 , — , — , 164 , 252 
AB,Calgary Zone,Strathmore District Health Services,"G,E",Non-Teaching, — , — , — , — , — , — , 23 , 23 
AB,Calgary Zone,Vulcan Community Health Centre,"G,E",Non-Teaching, — , — , — , — , — , 15 , 8 , 23 
AB,Central Zone,Bentley Care Centre,E,Non-Teaching, — , — , — , — , — , 16 , — , 16 
AB,Central Zone,Bethany Meadows,E,Non-Teaching, — , — , — , — , — , 65 , — , 65 
AB,Central Zone,Breton Health Centre,E,Non-Teaching, — , — , — , — , — , 23 , — , 23 
AB,Central Zone,Consort Hospital and Care Centre,G,Non-Teaching, — , — , — , — , — , 15 , 5 , 20 
AB,Central Zone,Coronation Hospital and Care Centre,G,Non-Teaching, — , — , — , — , — , 23 , 10 , 33 
AB,Central Zone,Covenant Health Killam Health Care Centre,"G,E",Non-Teaching, — , — , — , — , — , 45 , 5 , 50 
AB,Central Zone,Covenant Health Mary Immaculate Care Centre,E,Non-Teaching, — , — , — , — , — , 30 , — , 30 
AB,Central Zone,Covenant Health Our Lady of the Rosary Hospital,E,Non-Teaching, — , — , — , — , — , 22 , 5 , 27 
AB,Central Zone,Covenant Health St. Joseph’s General Hospital,G,Non-Teaching, — , — , — , — , — , — , 25 , 25 
AB,Central Zone,Covenant Health St. Mary’s Hospital [Camrose],G,Non-Teaching, — , 18 , — , 10 , — , — , 48 , 76 
AB,Central Zone,Daysland Health Centre,G,Non-Teaching, — , — , — , — , — , — , 26 , 26 
AB,Central Zone,Drayton Valley Hospital and Care Centre,G,Non-Teaching, — , — , — , — , — , 50 , 36 , 86 
AB,Central Zone,Drumheller Health Centre,G,Non-Teaching, — , — , — , — , 4 , 96 , 33 , 133 
AB,Central Zone,Hanna Health Centre,G,Non-Teaching, — , — , — , — , — , — , 17 , 17 
AB,Central Zone,Hardisty Health Centre,"G,E",Non-Teaching, — , — , — , — , — , 15 , 5 , 20 
AB,Central Zone,Innisfail Health Centre,G,Non-Teaching, — , — , — , — , — , 78 , 28 , 106 
AB,Central Zone,Lacombe Hospital and Care Centre,G,Non-Teaching, — , — , — , — , 4 , 75 , 31 , 110 
AB,Central Zone,Lamont Health Care Centre,"G,E",Non-Teaching, — , — , — , — , — , 105 , 15 , 120 
AB,Central Zone,Mannville Care Centre,E,Non-Teaching, — , — , — , — , — , 23 , — , 23 
AB,Central Zone,Olds Hospital and Care Centre,G,Non-Teaching, — , — , — , — , — , 50 , 33 , 83 
AB,Central Zone,Ponoka Hospital and Care Centre,G,Non-Teaching, — , — , — , — , — , 28 , 29 , 57 
AB,Central Zone,Provost Health Centre,"G,E",Non-Teaching, — , — , — , — , — , 47 , 15 , 62 
AB,Central Zone,Red Deer Regional Hospital Centre,G,Non-Teaching, 35 , 23 , 10 , 40 , 30 , — , 232 , 370 
AB,Central Zone,Rimbey Hospital and Care Centre,G,Non-Teaching, — , — , — , — , — , 84 , 23 , 107 
AB,Central Zone,Rocky Mountain House Health Centre,G,Non-Teaching, — , — , — , — , — , — , 31 , 31 
AB,Central Zone,Stettler Hospital and Care Centre,G,Non-Teaching, — , — , — , — , — , 46 , 30 , 76 
AB,Central Zone,Sundre Hospital and Care Centre,G,Non-Teaching, — , — , — , — , — , 9 , 14 , 23 
AB,Central Zone,The Centennial Centre for Mental Health and Brain Injury,S-Psy,Teaching, — , — , — , 330 , — , — , — , 330 
AB,Central Zone,Three Hills Health Centre,G,Non-Teaching, — , — , — , — , — , 24 , 21 , 45 
AB,Central Zone,Tofield Health Centre,"G,E",Non-Teaching, — , — , — , — , — , 50 , 16 , 66 
AB,Central Zone,Two Hills Health Centre,"G,E",Non-Teaching, — , — , — , — , 12 , 56 , 15 , 83 
AB,Central Zone,Vermilion Health Centre,"G,E",Non-Teaching, — , — , — , — , — , — , 25 , 25 
AB,Central Zone,Viking Health Centre,G,Non-Teaching, — , — , — , — , — , — , 16 , 16 
AB,Central Zone,Wainwright Health Centre,"G,E",Non-Teaching, — , — , — , — , — , 69 , 25 , 94 
AB,Central Zone,Wetaskiwin Hospital and Care Centre,G,Non-Teaching, 3 , 5 , 10 , — , — , 28 , 51 , 97 
AB,Edmonton Zone,Alberta Hospital Edmonton,S-Psy,Teaching, — , — , — , 334 , — , — , — , 334 
AB,Edmonton Zone,Covenant Health Grey Nuns Community Hospital,G,Teaching, 43 , 31 , — , 69 , — , — , 211 , 354 
AB,Edmonton Zone,Covenant Health Misericordia Community Hospital,G,Teaching, 38 , 20 , — , 25 , 16 , — , 210 , 309 
AB,Edmonton Zone,Cross Cancer Institute,C,Non-Teaching, — , — , — , — , — , — , 55 , 55 
AB,Edmonton Zone,Devon General Hospital,G,Non-Teaching, — , — , — , — , — , 14 , 10 , 24 
AB,Edmonton Zone,Fort Saskatchewan Community Hospital,G,Non-Teaching, — , — , — , — , — , — , 36 , 36 
AB,Edmonton Zone,Glenrose Rehabilitation Hospital,R,Non-Teaching, — , — , — , 48 , 196 , — , — , 244 
AB,Edmonton Zone,Leduc Community Hospital,G,Non-Teaching, — , — , — , — , — , — , 74 , 74 
AB,Edmonton Zone,Royal Alexandra Hospital,G,Teaching, 104 , 45 , — , 46 , 30 , — , 633 , 858 
AB,Edmonton Zone,Sturgeon Community Hospital,G,Non-Teaching, 14 , 22 , — , — , — , — , 127 , 163 
AB,Edmonton Zone,University of Alberta Hospital,G,Teaching, 132 , — , 113 , 46 , — , — , 555 , 846 
AB,Edmonton Zone,WestView Health Centre,G,Non-Teaching, — , — , — , — , — , 40 , 29 , 69 
AB,North Zone,Athabasca Healthcare Centre,G,Non-Teaching, — , — , — , — , — , 23 , 27 , 50 
AB,North Zone,Barrhead Healthcare Centre,G,Non-Teaching, — , — , — , — , — , — , 34 , 34 
AB,North Zone,Beaverlodge Municipal Hospital,G,Non-Teaching, — , — , — , — , — , — , 18 , 18 
AB,North Zone,Boyle Healthcare Centre,G,Non-Teaching, — , — , — , — , — , — , 20 , 20 
AB,North Zone,Central Peace Health Complex,G,Non-Teaching, — , — , — , — , — , 16 , 12 , 28 
AB,North Zone,Cold Lake Healthcare Centre,G,Non-Teaching, — , — , — , — , — , 31 , 24 , 55 
AB,North Zone,Covenant Health Bonnyville Healthcare Centre,G,Non-Teaching, — , — , — , — , — , 30 , 33 , 63 
AB,North Zone,Edson Healthcare Centre,G,Non-Teaching, — , — , — , — , — , — , 22 , 22 
AB,North Zone,Elk Point Healthcare Centre,G,Non-Teaching, — , — , — , — , — , 30 , 12 , 42 
AB,North Zone,Fairview Health Complex,G,Non-Teaching, — , — , — , — , — , 67 , 25 , 92 
AB,North Zone,Fox Creek Healthcare Centre,G,Non-Teaching, — , — , — , — , — , — , 4 , 4 
AB,North Zone,Grande Cache Community Health Complex,G,Non-Teaching, — , — , — , — , — , — , 12 , 12 
AB,North Zone,High Prairie Health Complex,G,Non-Teaching, — , — , — , — , — , — , 25 , 25 
AB,North Zone,Hinton Healthcare Centre,G,Non-Teaching, — , — , — , — , — , — , 23 , 23 
AB,North Zone,Manning Community Health Centre,G,Non-Teaching, — , — , — , — , — , 16 , 11 , 27 
AB,North Zone,Mayerthorpe Healthcare Centre,G,Non-Teaching, — , — , — , — , — , 30 , 25 , 55 
AB,North Zone,Northern Lights Regional Health Centre,"G,E",Non-Teaching, 6 , 11 , 8 , 10 , — , 31 , 70 , 136 
AB,North Zone,Northwest Health Centre,G,Non-Teaching, — , — , — , — , — , 11 , 21 , 32 
AB,North Zone,Peace River Community Health Centre,G,Non-Teaching, — , — , — , — , — , 40 , 31 , 71 
AB,North Zone,Queen Elizabeth II Hospital,G,Non-Teaching, 16 , 22 , 10 , 14 , — , — , 99 , 161 
AB,North Zone,Redwater Health Centre,G,Non-Teaching, — , — , — , — , — , 7 , 14 , 21 
AB,North Zone,Sacred Heart Community Health Centre,G,Non-Teaching, — , — , — , — , — , — , 20 , 20 
AB,North Zone,Seton (Jasper) Healthcare Centre,G,Non-Teaching, — , — , — , — , — , — , 11 , 11 
AB,North Zone,Slave Lake Healthcare Centre,G,Non-Teaching, — , — , — , — , — , 20 , 24 , 44 
AB,North Zone,Smoky Lake Healthcare Centre,G,Non-Teaching, — , — , — , — , — , 23 , 12 , 35 
AB,North Zone,St. Theresa General Hospital,"G,E",Non-Teaching, — , — , — , — , — , 8 , 26 , 34 
AB,North Zone,St. Therese-St. Paul Healthcare Centre,G,Non-Teaching, — , — , — , 10 , — , 30 , 30 , 70 
AB,North Zone,Swan Hills Healthcare Centre,G,Non-Teaching, — , — , — , — , — , — , 4 , 4 
AB,North Zone,Valleyview Health Centre,G,Non-Teaching, — , — , — , — , — , 25 , 20 , 45 
AB,North Zone,Wabasca/Desmarais Healthcare Centre,G,Non-Teaching, — , — , — , — , — , — , 10 , 10 
AB,North Zone,Westlock Healthcare Centre,G,Non-Teaching, — , — , — , — , 8 , 112 , 46 , 166 
AB,North Zone,Whitecourt Healthcare Centre,G,Non-Teaching, — , — , — , — , — , — , 22 , 22 
AB,North Zone,William J. Cadzow - Lac La Biche Healthcare Centre,G,Non-Teaching, — , — , — , — , — , 41 , 23 , 64 
AB,South Zone,Bassano Health Centre,G,Non-Teaching, — , — , — , — , — , 8 , 4 , 12 
AB,South Zone,Big Country Hospital,G,Non-Teaching, — , — , — , — , — , 30 , 10 , 40 
AB,South Zone,Bow Island Health Centre,G,Non-Teaching, — , — , — , — , — , 20 , 10 , 30 
AB,South Zone,Brooks Health Centre,G,Teaching, — , — , — , — , — , — , 37 , 37 
AB,South Zone,Cardston Health Centre,G,Non-Teaching, — , — , — , — , — , 12 , 19 , 31 
AB,South Zone,Chinook Regional Hospital,G,Non-Teaching, 30 , 25 , 11 , 41 , 25 , — , 156 , 288 
AB,South Zone,Covenant Health St. Michael’s Health Centre,E,Non-Teaching, — , — , — , — , 24 , 72 , 10 , 106 
AB,South Zone,Crowsnest Pass Health Centre,G,Non-Teaching, — , — , — , — , — , 58 , 16 , 74 
AB,South Zone,Fort Macleod Health Centre,G,Non-Teaching, — , — , — , — , — , 4 , — , 4 
AB,South Zone,Medicine Hat Regional Hospital,G,Non-Teaching, 17 , 14 , 10 , 31 , 52 , — , 122 , 246 
AB,South Zone,Milk River Health Centre,G,Non-Teaching, — , — , — , — , — , 24 , — , 24 
AB,South Zone,Pincher Creek Health Centre,G,Non-Teaching, — , — , — , — , — , — , 19 , 19 
AB,South Zone,Raymond Health Centre,G,Non-Teaching, — , — , — , — , — , 5 , 12 , 17 
AB,South Zone,Taber Health Centre,G,Non-Teaching, — , — , — , — , — , 10 , 19 , 29 
BC,Fraser Health,Abbotsford Regional Hospital and Cancer Centre,"G,S-Psy",Non-Teaching, 26 , 48 , 12 , 27 , — , — , 168 , 281 
BC,Fraser Health,Burnaby Hospital,"G,E,S-Psy",Non-Teaching, 15 , 27 , — , 25 , — , — , 233 , 300 
BC,Fraser Health,Chilliwack General Hospital,"G,E,S-Psy",Non-Teaching, 6 , 20 , — , 14 , — , 90 , 101 , 231 
BC,Fraser Health,Cottage-Worthington Pavilion,"E,R",Non-Teaching, — , — , — , — , 25 , 119 , — , 144 
BC,Fraser Health,Delta Hospital,"E,G",Non-Teaching, — , — , — , — , — , 92 , 58 , 150 
BC,Fraser Health,Eagle Ridge Hospital,"E,G,R",Non-Teaching, — , — , — , — , 26 , 75 , 147 , 248 
BC,Fraser Health,Fraser Canyon Hospital,"E,G",Non-Teaching, — , — , — , — , — , 50 , 10 , 60 
BC,Fraser Health,Langley Memorial Hospital,"E,G,S-Psy",Non-Teaching, 12 , 28 , 9 , 18 , — , 220 , 135 , 422 
BC,Fraser Health,Menno Hospital,E,Non-Teaching, — , — , — , — , — , — , — , 150† 
BC,Fraser Health,Mission Memorial Hospital,"E,G",Non-Teaching, — , — , — , — , — , 200 , 45 , 245 
BC,Fraser Health,Peace Arch Hospital,"E,G,S-Psy",Non-Teaching, 7 , 14 , — , 11 , 20 , 234 , 126 , 412 
BC,Fraser Health,Queen’s Park & Fellburn Care Centres,"E,R",Non-Teaching, — , — , — , — , 53 , 264 , 33 , 350 
BC,Fraser Health,Ridge Meadows Hospital and Health Care Centre,"G,E,S-Psy",Non-Teaching, 7 , 26 , — , 20 , 25 , 148 , 93 , 319 
BC,Fraser Health,Royal Columbian Hospital,"G,S-Psy,S-Ped",Teaching, 75 , 56 , 12 , 30 , — , — , 281 , 454 
BC,Fraser Health,St. Michael’s Centre,E,Non-Teaching, — , — , — , — , — , — , — , 144† 
BC,Fraser Health,Surrey Memorial Hospital,"G,S-Psy",Teaching, 77 , 75 , 18 , 83 , 20 , — , 419 , 692 
BC,Interior Health,100 Mile District General Hospital,G,Non-Teaching, — , — , — , — , — , — , 21 , 21 
BC,Interior Health,Arrow Lakes Hospital,G,Non-Teaching, — , — , — , — , — , — , 6 , 6 
BC,Interior Health,Ashcroft Hospital and Community Health Centre,E,Non-Teaching, — , — , — , — , — , — , — , 25† 
BC,Interior Health,Boundary Hospital,G,Non-Teaching, — , — , — , — , — , — , 14 , 14 
BC,Interior Health,Cariboo Memorial Hospital,G,Non-Teaching, 3 , 14 , — , — , — , — , 20 , 37 
BC,Interior Health,Creston Valley Hospital,G,Non-Teaching, — , — , — , — , — , — , 18 , 18 
BC,Interior Health,Dr. Helmcken Memorial Hospital,G,Non-Teaching, — , — , — , — , — , — , 8 , 8 
BC,Interior Health,East Kootenay Regional Hospital,"G,S-Psy",Non-Teaching, 6 , 8 , 2 , 10 , — , — , 55 , 81 
BC,Interior Health,Elk Valley Hospital,G,Non-Teaching, — , — , — , — , — , — , 21 , 21 
BC,Interior Health,Golden and District General Hospital,G,Non-Teaching, — , — , — , — , — , — , 9 , 9 
BC,Interior Health,Hillside Centre,S-Psy,Non-Teaching, — , — , — , 47 , — , — , — , 47 
BC,Interior Health,Invermere and District Hospital,G,Non-Teaching, — , — , — , — , — , — , 9 , 9 
BC,Interior Health,Kelowna General Hospital,G,Teaching, 37 , 31 , 10 , 39 , 38 , — , 265 , 420 
BC,Interior Health,Kootenay Boundary Regional Hospital,"G,S-Psy",Non-Teaching, 6 , 6 , 4 , 12 , — , — , 50 , 78 
BC,Interior Health,Kootenay Lake Hospital,G,Non-Teaching, — , — , — , — , — , — , 33 , 33 
BC,Interior Health,Lillooet Hospital and Health Centre,G,Non-Teaching, — , — , — , — , — , — , 8 , 8 
BC,Interior Health,Nicola Valley Health Centre,G,Non-Teaching, — , — , — , — , — , — , 8 , 8 
BC,Interior Health,Overlander Extended Care Hospital,E,Non-Teaching, — , — , — , — , — , — , — , 189† 
BC,Interior Health,Penticton Regional Hospital,"G,S-Psy",Non-Teaching, 7 , 31 , 11 , 15 , 13 , — , 75 , 152 
BC,Interior Health,Pleasant Valley Health Centre,E,Non-Teaching, — , — , — , — , — , — , — , 40† 
BC,Interior Health,Princeton General Hospital,G,Non-Teaching, — , — , — , — , — , — , 6 , 6 
BC,Interior Health,Queen Victoria Hospital,G,Non-Teaching, — , — , — , — , — , — , 16 , 16 
BC,Interior Health,Royal Inland Hospital,"G,S-Psy",Non-Teaching, 24 , 24 , 9 , 28 , 32 , — , 157 , 274 
BC,Interior Health,Shuswap Lake General Hospital,G,Non-Teaching, 3 , 8 , — , — , — , — , 37 , 48 
BC,Interior Health,South Hills Tertiary Psychiatric Rehabilitation Centre,S-Psy,Non-Teaching, — , — , — , 40 , — , — , — , 40 
BC,Interior Health,South Okanagan General Hospital,G,Non-Teaching, — , — , — , — , — , — , 18 , 18 
BC,Interior Health,Summerland Health Centre,E,Non-Teaching, — , — , — , — , — , — , — , 50† 
BC,Interior Health,Vernon Jubilee Hospital,"G,S-Psy",Non-Teaching, 10 , 25 , — , 17 , — , — , 140 , 192 
BC,Interior Health,Victorian Community Health Centre of Kaslo,E,Non-Teaching, — , — , — , — , — , — , — , 20† 
BC,Island Health,Chemainus Health Care Centre,E,Non-Teaching, — , — , — , — , — , — , — , 75† 
BC,Island Health,Cormorant Island Community Health Centre,"E,G",Non-Teaching, — , — , — , — , — , 10 , 4 , 14 
BC,Island Health,Cowichan District Hospital,"G,S-Psy",Non-Teaching, 7 , 20 , — , 15 , — , — , 98 , 140 
BC,Island Health,Juan de Fuca Hospitals,E,Non-Teaching, — , — , — , — , — , — , — , 487† 
BC,Island Health,Lady Minto Gulf Islands Hospital,"E,G",Non-Teaching, — , — , — , — , — , 29 , 22 , 51 
BC,Island Health,Mount St. Mary Hospital,E,Non-Teaching, — , — , — , — , — , — , — , 200† 
BC,Island Health,Nanaimo Regional General Hospital,"G,S-Psy",Non-Teaching, 19 , 34 , 8 , 31 , 25 , — , 247 , 364 
BC,Island Health,Port Hardy Hospital,"E,G",Non-Teaching, — , — , — , — , — , 22 , 12 , 34 
BC,Island Health,Port McNeill and District Hospital,G,Non-Teaching, — , — , — , — , — , — , 10 , 10 
BC,Island Health,Queen Alexandra Centre for Children’s Health,S-Ped,Non-Teaching, — , — , — , 14 , — , — , — , 14 
BC,Island Health,Royal Jubilee Hospital,"G,S-Psy",Teaching, 27 , — , — , 84 , 32 , — , 343 , 486 
BC,Island Health,Saanich Peninsula Hospital,"E,G",Non-Teaching, — , — , — , — , — , 143 , 59 , 202 
BC,Island Health,The North Island Hospital Campbell River and District Campus,G,Non-Teaching, 13 , 11 , 3 , — , — , — , 72 , 99 
BC,Island Health,The North Island Hospital Comox Valley Campus,"G,S-Psy",Non-Teaching, 14 , 16 , 3 , 15 , — , — , 94 , 142 
BC,Island Health,Tofino General Hospital,G,Non-Teaching, — , — , — , — , — , — , 12 , 12 
BC,Island Health,Victoria General Hospital,G,Teaching, 36 , 64 , 16 , — , 20 , — , 243 , 379 
BC,Island Health,West Coast General Hospital,"G,S-Psy",Non-Teaching, 3 , 8 , — , — , — , — , 45 , 56 
BC,Northern Health,Bulkley Valley District Hospital,G,Non-Teaching, — , 3 , — , — , — , — , 14 , 17 
BC,Northern Health,Chetwynd Hospital and Health Centre,G,Non-Teaching, — , — , — , — , — , — , 4 , 4 
BC,Northern Health,Dawson Creek and District Hospital,G,Non-Teaching, 2 , 4 , — , 11 , — , — , 25 , 42 
BC,Northern Health,Fort Nelson General Hospital,G,Non-Teaching, — , — , — , — , — , — , 10 , 10 
BC,Northern Health,Fort St. John Hospital and Health Centre,G,Non-Teaching, 3 , 8 , — , — , — , — , 34 , 45 
BC,Northern Health,G. R. Baker Memorial Hospital,G,Non-Teaching, 4 , — , — , 5 , — , — , 27 , 36 
BC,Northern Health,Haida Gwaii Hospital and Health Centre,G,Non-Teaching, — , — , — , — , — , — , 5 , 5 
BC,Northern Health,Kitimat Hospital and Health Centre,G,Non-Teaching, — , — , — , — , — , — , 17 , 17 
BC,Northern Health,Lakes District Hospital and Health Centre,G,Non-Teaching, — , — , — , — , — , — , 9 , 9 
BC,Northern Health,Mackenzie and District Hospital and Health Centre,G,Non-Teaching, — , — , — , — , — , — , 4 , 4 
BC,Northern Health,McBride and District Hospital,G,Non-Teaching, — , — , — , — , — , — , 3 , 3 
BC,Northern Health,Mills Memorial Hospital,"G,S-Psy",Non-Teaching, 3 , 6 , — , 7 , — , — , 28 , 44 
BC,Northern Health,Northern Haida Gwaii Hospital and Health Centre,G,Non-Teaching, — , — , — , — , — , — , 4 , 4 
BC,Northern Health,Prince Rupert Regional Hospital,G,Non-Teaching, 2 , — , — , — , — , — , 26 , 28 
BC,Northern Health,St. John Hospital,G,Non-Teaching, — , — , — , — , — , — , 18 , 18 
BC,Northern Health,Stuart Lake Hospital,G,Non-Teaching, — , — , — , — , — , — , 3 , 3 
BC,Northern Health,University Hospital of Northern British Columbia,"G,S-Psy",Teaching, 19 , 15 , 6 , 29 , 22 , — , 132 , 223 
BC,Northern Health,Wrinch Memorial Hospital,G,Non-Teaching, — , — , — , — , — , — , 10 , 10 
BC,Provincial Health Services Authority,BC Cancer Agency,C,Teaching, — , — , — , — , — , — , 19 , 19 
BC,Provincial Health Services Authority,Children’s and Women’s Health Centre of British Columbia,"S-Oth,S-Ped,S-Psy",Teaching, 69 , 68 , — , 44 , 14 , — , 79 , 274 
BC,Provincial Health Services Authority,Forensic Psychiatric Hospital,S-Psy,Non-Teaching, — , — , — , 181 , — , — , — , 181 
BC,Vancouver Coastal Health,Bella Coola General Hospital,G,Non-Teaching, — , — , — , — , — , — , 14 , 14 
BC,Vancouver Coastal Health,G. F. Strong Rehabilitation Centre,R,Non-Teaching, — , — , — , — , 68 , — , — , 68 
BC,Vancouver Coastal Health,George Pearson Centre,E,Non-Teaching, — , — , — , — , — , 114 , — , 114 
BC,Vancouver Coastal Health,Holy Family Hospital,"E,R",Non-Teaching, — , — , — , — , 65 , 142 , — , 207 
BC,Vancouver Coastal Health,Lions Gate Hospital,"E,G,S-Psy",Non-Teaching, 18 , 21 , 8 , 36 , 17 , 288 , 164 , 552 
BC,Vancouver Coastal Health,Louis Brier Home and Hospital,E,Non-Teaching, — , — , — , — , — , — , — , 218† 
BC,Vancouver Coastal Health,Mount Saint Joseph Hospital,E,Non-Teaching, 4 , — , — , 16 , — , 100 , 81 , 201 
BC,Vancouver Coastal Health,Powell River General Hospital,"G,E,S-Psy",Non-Teaching, 4 , 4 , — , 7 , — , 75 , 18 , 108 
BC,Vancouver Coastal Health,R. W. Large Memorial Hospital,G,Non-Teaching, — , — , — , — , — , — , 15 , 15 
BC,Vancouver Coastal Health,Squamish General Hospital,G,Non-Teaching, — , — , — , — , — , — , 21 , 21 
BC,Vancouver Coastal Health,St. Mary’s Hospital [Sechelt],"G,E,S-Psy",Non-Teaching, 4 , 3 , — , 6 , — , 49 , 33 , 95 
BC,Vancouver Coastal Health,St. Paul’s Hospital,"G,S-Psy",Teaching, 44 , 44 , — , 67 , — , — , 300 , 455 
BC,Vancouver Coastal Health,The Richmond Hospital,"G,S-Psy",Non-Teaching, 14 , 15 , 3 , 22 , — , — , 174 , 228 
BC,Vancouver Coastal Health,UBC Hospital,"E,G,S-Psy",Non-Teaching, — , — , — , 50 , — , 244 , 42 , 336 
BC,Vancouver Coastal Health,Vancouver General Hospital,"G,E,S-Psy",Teaching, 50 , — , — , 172 , — , 156 , 637 ," 1,015 "
MB,Interlake–Eastern Regional Health Authority,Arborg and Districts Health Centre,G,Non-Teaching, — , — , — , — , — , — , 14 , 14 
MB,Interlake–Eastern Regional Health Authority,Beausejour District Hospital,G,Non-Teaching, — , — , — , — , — , — , 30 , 30 
MB,Interlake–Eastern Regional Health Authority,E. M. Crowe Memorial Hospital,G,Non-Teaching, — , — , — , — , — , — , 13 , 13 
MB,Interlake–Eastern Regional Health Authority,Gimli Community Health Centre,G,Non-Teaching, — , — , — , — , — , — , 26 , 26 
MB,Interlake–Eastern Regional Health Authority,Lakeshore Health Centre,G,Non-Teaching, — , — , — , — , — , — , 14 , 14 
MB,Interlake–Eastern Regional Health Authority,Pinawa Hospital,G,Non-Teaching, — , — , — , — , — , — , 17 , 17 
MB,Interlake–Eastern Regional Health Authority,Pine Falls Health Complex,G,Non-Teaching, — , — , — , — , — , — , 23 , 23 
MB,Interlake–Eastern Regional Health Authority,Selkirk Regional Health Centre,G,Non-Teaching, 4 , 8 , — , — , — , — , 53 , 65 
MB,Interlake–Eastern Regional Health Authority,Stonewall and District Health Centre,G,Non-Teaching, — , — , — , — , — , — , 15 , 15 
MB,Interlake–Eastern Regional Health Authority,Teulon/Hunter Memorial Hospital,G,Non-Teaching, — , — , — , — , — , — , 18 , 18 
MB,Northern Health Region,Flin Flon General Hospital,G,Non-Teaching, — , 8 , — , — , — , — , 34 , 42 
MB,Northern Health Region,Gillam Hospital Inc.,G,Non-Teaching, — , — , — , — , — , — , 10 , 10 
MB,Northern Health Region,Lynn Lake Hospital,G,Non-Teaching, — , — , — , — , — , — , 19 , 19 
MB,Northern Health Region,Snow Lake Health Centre,"G,E",Non-Teaching, — , — , — , — , — , — , 4 , 4 
MB,Northern Health Region,The Pas Health Complex,"G,S-Psy",Non-Teaching, — , 8 , — , 8 , — , — , 21 , 37 
MB,Northern Health Region,Thompson General Hospital,"G,S-Psy",Non-Teaching, — , 21 , 8 , 10 , — , — , 32 , 71 
MB,Prairie Mountain Health,Baldur Health Centre,G,Non-Teaching, — , — , — , — , — , — , 14 , 14 
MB,Prairie Mountain Health,Birtle Health Centre,G,Non-Teaching, — , — , — , — , — , — , 14 , 14 
MB,Prairie Mountain Health,Boissevain Health Centre District,G,Non-Teaching, — , — , — , — , — , — , 11 , 11 
MB,Prairie Mountain Health,Brandon General Hospital,"G,E,S-Psy,R",Non-Teaching, 9 , 20 , 7 , 47 , 49 , 48 , 104 , 284 
MB,Prairie Mountain Health,Carberry Health Center,G,Non-Teaching, — , — , — , — , — , — , 10 , 10 
MB,Prairie Mountain Health,Dauphin Regional Health Centre,"G,R,S-Psy",Non-Teaching, 4 , 8 , — , 10 , — , — , 60 , 82 
MB,Prairie Mountain Health,Deloraine Health Centre,G,Non-Teaching, — , — , — , — , — , — , 14 , 14 
MB,Prairie Mountain Health,Erickson District Health Centre,G,Non-Teaching, — , — , — , — , — , — , 9 , 9 
MB,Prairie Mountain Health,Glenboro Health Centre,G,Non-Teaching, — , — , — , — , — , — , 11 , 11 
MB,Prairie Mountain Health,Grandview District Hospital,G,Non-Teaching, — , — , — , — , — , — , 18 , 18 
MB,Prairie Mountain Health,Hamiota District Health Centre,G,Non-Teaching, — , — , — , — , — , — , 20 , 20 
MB,Prairie Mountain Health,McCreary/Alonsa Health Centre,G,Non-Teaching, — , — , — , — , — , — , 13 , 13 
MB,Prairie Mountain Health,Melita Health Centre,G,Non-Teaching, — , — , — , — , — , — , 11 , 11 
MB,Prairie Mountain Health,Minnedosa District Hospital,G,Non-Teaching, — , — , — , — , — , — , 27 , 27 
MB,Prairie Mountain Health,Neepawa Health Centre,G,Non-Teaching, — , — , — , — , — , — , 35 , 35 
MB,Prairie Mountain Health,Rivers Health Centre,G,Non-Teaching, — , — , — , — , 13 , — , 1 , 14 
MB,Prairie Mountain Health,Roblin District Health Centre,G,Non-Teaching, — , — , — , — , — , — , 25 , 25 
MB,Prairie Mountain Health,Rossburn District Health Centre,G,Non-Teaching, — , — , — , — , — , — , 9 , 9 
MB,Prairie Mountain Health,Russell Health Centre,G,Non-Teaching, — , — , — , — , — , — , 30 , 30 
MB,Prairie Mountain Health,Shoal Lake-Strathclair Health Centre,G,Non-Teaching, — , — , — , — , — , — , 12 , 12 
MB,Prairie Mountain Health,Souris Health Centre,G,Non-Teaching, — , — , — , — , — , — , 25 , 25 
MB,Prairie Mountain Health,Ste. Rose General Hospital,G,Non-Teaching, — , — , — , — , — , — , 25 , 25 
MB,Prairie Mountain Health,Swan River Valley Hospital,G,Non-Teaching, — , — , — , — , 16 , — , 36 , 52 
MB,Prairie Mountain Health,Tiger Hills Health District,G,Non-Teaching, — , — , — , — , — , — , 13 , 13 
MB,Prairie Mountain Health,Tri-Lake Health District,G,Non-Teaching, — , — , — , — , — , — , 22 , 22 
MB,Prairie Mountain Health,Virden District Hospital,G,Non-Teaching, — , — , — , — , — , — , 25 , 25 
MB,Prairie Mountain Health,Wawanesa and District Memorial Health Centre,G,Non-Teaching, — , — , — , — , — , — , 6 , 6 
MB,Prairie Mountain Health,Winnipegosis General Hospital,G,Non-Teaching, — , — , — , — , — , — , 15 , 15 
MB,Southern Health — Santé Sud,Altona Community Memorial,G,Non-Teaching, — , — , — , — , — , — , 22 , 22 
MB,Southern Health — Santé Sud,Bethesda Hospital,"G,E",Non-Teaching, — , — , — , — , 20 , — , 53 , 73 
MB,Southern Health — Santé Sud,Boundary Trails Health Centre,"G,E",Non-Teaching, — , — , — , — , 25 , — , 65 , 90 
MB,Southern Health — Santé Sud,Carman Memorial Hospital,G,Non-Teaching, — , — , — , — , — , — , 25 , 25 
MB,Southern Health — Santé Sud,DeSalaberry District Health Centre,G,Non-Teaching, — , — , — , — , — , — , 14 , 14 
MB,Southern Health — Santé Sud,Emerson Hospital,G,Non-Teaching, — , — , — , — , — , — , 4 , 4 
MB,Southern Health — Santé Sud,Lorne Memorial Hospital,G,Non-Teaching, — , — , — , — , — , — , 18 , 18 
MB,Southern Health — Santé Sud,MacGregor Health Centre,G,Non-Teaching, — , — , — , — , — , — , 6 , 6 
MB,Southern Health — Santé Sud,Morris General Hospital,G,Non-Teaching, — , — , — , — , — , — , 23 , 23 
MB,Southern Health — Santé Sud,Notre Dame Hospital,G,Non-Teaching, — , — , — , — , — , — , 10 , 10 
MB,Southern Health — Santé Sud,Pembina Manitou Health Centre,G,Non-Teaching, — , — , — , — , — , — , 8 , 8 
MB,Southern Health — Santé Sud,Portage District General Hospital,"G,E",Non-Teaching, — , — , — , — , — , 26 , 58 , 84 
MB,Southern Health — Santé Sud,Rock Lake Health District Hospital,G,Non-Teaching, — , — , — , — , — , — , 16 , 16 
MB,Southern Health — Santé Sud,Seven Regions Health Centre,G,Non-Teaching, — , — , — , — , — , — , 14 , 14 
MB,Southern Health — Santé Sud,St. Claude Health Centre,G,Non-Teaching, — , — , — , — , — , — , 10 , 10 
MB,Southern Health — Santé Sud,Ste. Anne Hospital,G,Non-Teaching, — , — , — , — , — , — , 21 , 21 
MB,Southern Health — Santé Sud,Vita and District Health Centre,G,Non-Teaching, — , — , — , — , — , — , 10 , 10 
MB,Winnipeg Regional Health Authority,Churchill Health Centre,G,Non-Teaching, — , — , — , — , — , 7 , 20 , 27 
MB,Winnipeg Regional Health Authority,Concordia Hospital,"G,R",Non-Teaching, 7 , — , — , — , — , — , 178 , 185 
MB,Winnipeg Regional Health Authority,Deer Lodge Centre,E,Non-Teaching, — , — , — , — , 66 , 130 , — , 196 
MB,Winnipeg Regional Health Authority,Grace Hospital,"G,S-Psy,R",Non-Teaching, 8 , — , — , 20 , 14 , 15 , 201 , 258 
MB,Winnipeg Regional Health Authority,Health Sciences Centre Winnipeg,"G,S-Ped,S-Psy,S-Oth",Teaching, 130 , 83 , — , 104 , 31 , — , 441 , 789 
MB,Winnipeg Regional Health Authority,Manitoba Adolescent Treatment Centre,S-Psy,Non-Teaching, — , — , — , 14 , — , — , — , 14 
MB,Winnipeg Regional Health Authority,Misericordia Health Centre,"E,G",Non-Teaching, — , — , — , — , — , — , 14 , 14 
MB,Winnipeg Regional Health Authority,Riverview Health Centre,"E,G",Non-Teaching, — , — , — , — , 99 , 30 , 30 , 159 
MB,Winnipeg Regional Health Authority,Seven Oaks General Hospital,"G,S-Psy,R",Non-Teaching, 7 , — , — , 38 , 76 , — , 187 , 308 
MB,Winnipeg Regional Health Authority,St. Boniface General Hospital,"G,R,E,S-Psy",Teaching, 70 , 46 , — , 30 , 40 , — , 313 , 499 
MB,Winnipeg Regional Health Authority,Victoria General Hospital,"G,R,S-Psy",Non-Teaching, 7 , — , — , 20 , 30 , — , 166 , 223 
NB,Zone 1 (Moncton Area),Dr. Georges-L.-Dumont University Hospital Centre,"G,R,E",Non-Teaching, 16 , 17 , 14 , 22 , 25 , 50 , 158 , 302 
NB,Zone 1 (Moncton Area),Sackville Memorial Hospital,G,Non-Teaching, — , — , — , — , — , — , 21 , 21 
NB,Zone 1 (Moncton Area),Stella-Maris-de-Kent Hospital,G,Non-Teaching, — , — , — , — , — , — , 20 , 20 
NB,Zone 1 (Moncton Area),The Moncton Hospital,"G,E,R",Non-Teaching, 23 , 23 , 9 , 31 , 14 , 70 , 212 , 382 
NB,Zone 2 (Saint John Area),Centracare,S-Psy,Non-Teaching, — , — , — , 50 , — , — , — , 50 
NB,Zone 2 (Saint John Area),Charlotte County Hospital,G,Non-Teaching, 4 , — , — , — , — , 15 , 25 , 44 
NB,Zone 2 (Saint John Area),Grand Manan Hospital,G,Non-Teaching, — , — , — , — , — , — , 8 , 8 
NB,Zone 2 (Saint John Area),Saint John Regional Hospital,"G,R",Teaching, 43 , 33 , 11 , 23 , 12 , 59 , 305 , 486 
NB,Zone 2 (Saint John Area),St. Joseph’s Hospital,E,Non-Teaching, — , — , — , — , — , 104 , — , 104 
NB,Zone 2 (Saint John Area),Sussex Health Centre,G,Non-Teaching, — , — , — , — , — , — , 25 , 25 
NB,Zone 3 (Fredericton Area),Dr. Everett Chalmers Regional Hospital,"G,R",Non-Teaching, 19 , 20 , 18 , 25 , 24 , 26 , 182 , 314 
NB,Zone 3 (Fredericton Area),Hotel-Dieu of St. Joseph,G,Non-Teaching, — , — , — , — , — , — , 22 , 22 
NB,Zone 3 (Fredericton Area),Oromocto Public Hospital,G,Non-Teaching, — , — , — , — , — , 17 , 28 , 45 
NB,Zone 3 (Fredericton Area),Stan Cassidy Centre for Rehabilitation,R,Non-Teaching, — , — , — , — , 20 , — , — , 20 
NB,Zone 3 (Fredericton Area),Upper River Valley Hospital,G,Non-Teaching, 5 , 5 , — , — , — , — , 42 , 52 
NB,Zone 4 (Edmundston Area),Edmundston Regional Hospital,"G,E",Non-Teaching, 10 , 16 , 14 , 15 , — , 61 , 53 , 169 
NB,Zone 4 (Edmundston Area),Grand Falls General Hospital,G,Non-Teaching, — , — , — , — , — , — , 20 , 20 
NB,Zone 4 (Edmundston Area),Hôtel-Dieu Saint-Joseph de Saint-Quentin,G,Non-Teaching, — , — , — , — , — , — , 6 , 6 
NB,Zone 5 (Campbellton Area),Campbellton Regional Hospital,"G,E",Non-Teaching, 6 , 18 , — , 20 , — , 25 , 76 , 145 
NB,Zone 5 (Campbellton Area),Restigouche Hospital Centre,S-Psy,Non-Teaching, — , — , — , 140 , — , — , — , 140 
NB,Zone 6 (Bathurst Area),Chaleur Regional Hospital,"G,E",Non-Teaching, 10 , 17 , 15 , 27 , — , 44 , 102 , 215 
NB,Zone 6 (Bathurst Area),Enfant-Jésus RHSJ † Hospital,G,Non-Teaching, — , — , — , — , — , — , 12 , 12 
NB,Zone 6 (Bathurst Area),Lamèque Hospital and Community Health Centre,G,Non-Teaching, — , — , — , — , — , — , 12 , 12 
NB,Zone 6 (Bathurst Area),Tracadie-Sheila Hospital,G,Non-Teaching, — , — , — , — , — , — , 59 , 59 
NB,Zone 7 (Miramichi Area),Miramichi Regional Hospital,"G,R,E",Non-Teaching, 8 , 15 , 6 , 12 , 21 , 25 , 60 , 147 
NL,Central Health,A. M. Guy Memorial Health Centre,"E,G",Non-Teaching, — , — , — , — , — , 21 , — , 21 
NL,Central Health,Baie Verte Peninsula Health Centre,"E,G",Non-Teaching, — , — , — , — , — , 19 , 7 , 26 
NL,Central Health,Central Newfoundland Regional Health Centre,"G,S-Psy,S-Ped",Non-Teaching, 9 , 14 , — , 20 , — , — , 74 , 117 
NL,Central Health,Connaigre Peninsula Health Centre,"E,G",Non-Teaching, — , — , — , — , — , 24 , — , 24 
NL,Central Health,Dr. Hugh Twomey Health Centre,E,Non-Teaching, — , — , — , — , — , 51 , — , 51 
NL,Central Health,Dr. Y.K. Jeon Kittiwake Health Centre,"E,G",Non-Teaching, — , — , — , — , — , 45 , 12 , 57 
NL,Central Health,Fogo Island Health Centre,"E,G",Non-Teaching, — , — , — , — , — , 14 , — , 14 
NL,Central Health,Green Bay Health Centre,"E,G",Non-Teaching, — , — , — , — , — , 78 , 9 , 87 
NL,Central Health,James Paton Memorial Regional Health Centre,G,Non-Teaching, 8 , 10 , — , — , — , — , 67 , 85 
NL,Central Health,Notre Dame Bay Memorial Health Centre,"E,G",Non-Teaching, — , — , — , — , 5 , 32 , 12 , 49 
NL,Eastern Health,Bonavista Peninsula Health Centre,"E,G",Non-Teaching, — , — , — , — , — , 70 , 10 , 80 
NL,Eastern Health,Burin Peninsula Health Care Centre,G,Non-Teaching, 4 , 9 , — , — , — , — , 22 , 35 
NL,Eastern Health,Carbonear General Hospital,G,Non-Teaching, 6 , 10 , — , — , — , — , 56 , 72 
NL,Eastern Health,Dr. A. A. Wilkinson Memorial Health Centre,G,Non-Teaching, — , — , — , — , — , — , 4 , 4 
NL,Eastern Health,Dr. G. B. Cross Memorial Hospital,"G,E,R",Non-Teaching, 4 , 9 , — , — , — , 44 , 28 , 85 
NL,Eastern Health,Dr. Leonard A. Miller Centre,"R,E,G",Non-Teaching, — , — , — , — , 62 , 56 , 10 , 128 
NL,Eastern Health,Dr. S. Beckley Health Centre,"E,G",Non-Teaching, — , — , — , — , — , 61 , — , 61 
NL,Eastern Health,Dr. Walter Templeman Health Centre,"E,G",Non-Teaching, — , — , — , — , — , 17 , 3 , 20 
NL,Eastern Health,Health Sciences Centre-St. John’s,"G,S-Psy",Teaching, 34 , 34 , — , 20 , — , — , 260 , 348 
NL,Eastern Health,Janeway Children’s Health and Rehabilitation Centre,"S-Ped,R,S-Psy",Teaching, 29 , — , — , 8 , — , — , 42 , 79 
NL,Eastern Health,Placentia Health Centre,"E,G",Non-Teaching, — , — , — , — , — , 75 , 10 , 85 
NL,Eastern Health,St. Clare’s Mercy Hospital,G,Teaching, 12 , — , — , — , — , — , 180 , 192 
NL,Eastern Health,U.S. Memorial Health Centre,"E,G",Non-Teaching, — , — , — , — , — , 40 , — , 40 
NL,Eastern Health,Waterford Hospital,"S-Psy,E",Teaching, — , — , — , 121 , — , — , — , 121 
NL,Labrador–Grenfell Health,Charles S. Curtis Memorial Hospital,"G,S-Psy",Non-Teaching, 4 , 14 , — , — , — , — , 24 , 42 
NL,Labrador–Grenfell Health,Labrador Health Centre,G,Non-Teaching, — , 4 , — , — , — , — , 20 , 24 
NL,Labrador–Grenfell Health,Labrador South Health Centre,E,Non-Teaching, — , — , — , — , — , 13 , — , 13 
NL,Labrador–Grenfell Health,Labrador West Health Centre,"G,E",Non-Teaching, — , — , — , — , — , 13 , 15 , 28 
NL,Western Health,Bonne Bay Health Centre,"E,G",Non-Teaching, — , — , — , — , — , 14 , 8 , 22 
NL,Western Health,Calder Health Centre,"E,G",Non-Teaching, — , — , — , — , — , 18 , 3 , 21 
NL,Western Health,Dr. Charles L. LeGrow Health Centre,"E,G",Non-Teaching, — , — , — , — , — , 30 , 14 , 44 
NL,Western Health,Rufus Guinchard Health Care Centre,"E,G",Non-Teaching, — , — , — , — , — , 22 , 7 , 29 
NL,Western Health,Sir Thomas Roddick Hospital,G,Non-Teaching, 3 , — , — , — , — , — , 41 , 44 
NL,Western Health,Western Memorial Regional Hospital,"G,S-Psy,S-Ped",Non-Teaching, 8 , 11 , 15 , 23 , 8 , — , 152 , 217 
NS,Central Zone,Dartmouth General Hospital,G,Non-Teaching, 8 , — , — , — , — , — , 107 , 115 
NS,Central Zone,East Coast Forensic Psychiatric Hospital,S-Psy,Non-Teaching, — , — , — , 91 , — , — , — , 91 
NS,Central Zone,Eastern Shore Memorial Hospital,G,Non-Teaching, — , — , — , — , — , — , 5 , 5 
NS,Central Zone,Hants Community Hospital,"G,E",Non-Teaching, — , — , — , — , — , 32 , 38 , 70 
NS,Central Zone,Musquodoboit Valley Memorial Hospital,G,Non-Teaching, — , — , — , — , — , — , 6 , 6 
NS,Central Zone,Nova Scotia Hospital,S-Psy,Teaching, — , — , — , 98 , — , — , — , 98 
NS,Central Zone,Queen Elizabeth II Health Sciences Centre,"G,E,R,S-Psy",Teaching, 46 , — , — , 47 , 92 , 175 , 615 , 975 
NS,Central Zone,Twin Oaks Memorial Hospital,G,Non-Teaching, — , — , — , — , — , — , 15 , 15 
NS,Eastern Zone,Buchanan Memorial Community Health Centre,G,Non-Teaching, — , — , — , — , — , — , 10 , 10 
NS,Eastern Zone,Cape Breton Healthcare Complex,"G,S-Psy,E,S-Ped",Non-Teaching, 19 , 12 , 8 , 58 , 21 , 24 , 317 , 459 
NS,Eastern Zone,Eastern Memorial Hospital,G,Non-Teaching, — , — , — , — , — , — , 6 , 6 
NS,Eastern Zone,Guysborough Memorial Hospital,G,Non-Teaching, — , — , — , — , — , — , 10 , 10 
NS,Eastern Zone,Inverness Consolidated Memorial Hospital,G,Non-Teaching, — , — , — , — , — , — , 33 , 33 
NS,Eastern Zone,Sacred Heart Hospital,G,Non-Teaching, — , — , — , — , — , — , 10 , 10 
NS,Eastern Zone,St. Martha’s Regional Hospital,"G,R,S-Psy,S-Ped,E",Non-Teaching, 6 , 9 , 6 , 8 , 13 , 5 , 45 , 92 
NS,Eastern Zone,St. Mary’s Memorial Hospital,G,Non-Teaching, — , — , — , — , — , — , 6 , 6 
NS,Eastern Zone,Strait Richmond Hospital,"G,R",Non-Teaching, — , — , — , 11 , 5 , — , 15 , 31 
NS,Eastern Zone,Victoria County Memorial Hospital,G,Non-Teaching, — , — , — , — , — , — , 12 , 12 
NS,IWK Health Centre,IWK Health Centre,"S-Ped,S-Oth",Teaching, 5 , 46 , — , 17 , — , — , 64 , 132 
NS,Northern Zone,Aberdeen Hospital,"G,S-Psy",Non-Teaching, 10 , 11 , — , 12 , — , — , 80 , 113 
NS,Northern Zone,All Saints Springhill Hospital,R,Non-Teaching, — , — , — , 10 , 20 , — , — , 30 
NS,Northern Zone,Bayview Memorial Health Centre,E,Non-Teaching, — , — , — , — , — , — , — , 10† 
NS,Northern Zone,Colchester East Hants Health Centre,"G,S-Psy",Non-Teaching, 8 , 12 , — , 14 , — , — , 72 , 106 
NS,Northern Zone,Cumberland Regional Health Care Centre,G,Non-Teaching, 7 , 8 , — , — , — , — , 57 , 72 
NS,Northern Zone,Lillian Fraser Memorial Hospital,G,Non-Teaching, — , — , — , — , — , — , 10 , 10 
NS,Northern Zone,North Cumberland Memorial Hospital,G,Non-Teaching, — , — , — , — , — , — , 4 , 4 
NS,Northern Zone,South Cumberland Community Care Centre,"E,G",Non-Teaching, — , — , — , — , — , 14 , 2 , 16 
NS,Northern Zone,Sutherland Harris Memorial Hospital,"E,R",Non-Teaching, — , — , — , — , 18 , 20 , — , 38 
NS,Western Zone,Annapolis Community Health Centre,G,Non-Teaching, — , — , — , — , — , — , 6 , 6 
NS,Western Zone,Digby General Hospital,"G,R",Non-Teaching, — , — , — , — , 13 , — , 20 , 33 
NS,Western Zone,Fishermen’s Memorial Hospital,"E,G,R",Non-Teaching, — , — , — , — , 12 , 23 , 18 , 53 
NS,Western Zone,Queens General Hospital,G,Non-Teaching, — , — , — , — , — , — , 22 , 22 
NS,Western Zone,Roseway Hospital,G,Non-Teaching, — , — , — , — , — , — , 19 , 19 
NS,Western Zone,Soldiers Memorial Hospital,"G,E",Non-Teaching, — , — , — , 18 , — , 25 , 39 , 82 
NS,Western Zone,South Shore Regional Hospital,"G,S-Psy,S-Ped",Non-Teaching, 5 , 10 , — , 10 , — , — , 55 , 80 
NS,Western Zone,Valley Regional Hospital,"G,S-Psy",Non-Teaching, 7 , 19 , — , 9 , — , — , 102 , 137 
NS,Western Zone,Yarmouth Regional Hospital,"G,E,S-Psy",Non-Teaching, 7 , 10 , — , 14 , — , 15 , 76 , 122 
NT,Beaufort-Delta Health and Social Services Authority,Inuvik Regional Hospital,"E,G,S-Ped",Teaching, — , — , — , — , — , — , — , 51† 
NT,Fort Smith Health and Social Services Authority,Fort Smith Health Centre,"G,E",Non-Teaching, — , — , — , — , — , — , — , 6† 
NT,Hay River Health and Social Services Authority,Hay River Regional Health Centre,"G,E",Non-Teaching, — , — , — , — , — , — , — , 19† 
NT,Stanton Territorial Health Authority,Stanton Territorial Hospital,"S-Oth,E,S-Ped,S-Psy",Teaching, 4 , 13 , 10 , 10 , — , 13 , 30 , 80 
ON,Central East LHIN,Campbellford Memorial Hospital,G,Non-Teaching, — , — , — , — , — , — , 11 , 11 
ON,Central East LHIN,Haliburton Highlands Health Services,G,Non-Teaching, — , — , — , — , — , — , 15 , 15 
ON,Central East LHIN,Lakeridge Health,G,Non-Teaching, 44 , 40 , 16 , 51 , 84 , 130 , 439 , 804 
ON,Central East LHIN,Northumberland Hills Hospital,G,Non-Teaching, 6 , 6 , — , — , 34 , — , 46 , 92 
ON,Central East LHIN,Ontario Shores Centre for Mental Health Sciences,S-Psy,Non-Teaching, — , — , — , 328 , — , — , — , 328 
ON,Central East LHIN,Peterborough Regional Health Centre,G,Non-Teaching, 24 , 14 , 10 , 33 , 40 , 49 , 258 , 428 
ON,Central East LHIN,Ross Memorial Hospital,G,Non-Teaching, 7 , 10 , — , 15 , 15 , 40 , 81 , 168 
ON,Central East LHIN,Scarborough and Rouge Hospital,G,Non-Teaching, 60 , 50 , 27 , 92 , 20 , 33 , 461 , 743 
ON,Central LHIN,Humber River Hospital,G,Non-Teaching, 40 , 24 , 14 , 60 , 18 , — , 457 , 613 
ON,Central LHIN,Mackenzie Health,G,Non-Teaching, 26 , 14 , 6 , 25 , 20 , 77 , 205 , 373 
ON,Central LHIN,Markham Stouffville Hospital,G,Non-Teaching, 10 , 26 , 5 , 33 , 31 , 5 , 167 , 277 
ON,Central LHIN,North York General Hospital,G,Non-Teaching, 21 , 34 , 12 , 50 , — , — , 293 , 410 
ON,Central LHIN,Shouldice Hospital,S-Oth,Non-Teaching, — , — , — , — , — , — , 85 , 85 
ON,Central LHIN,Southlake Regional Health Centre,G,Non-Teaching, 30 , 24 , 10 , 33 , 30 , 32 , 232 , 391 
ON,Central LHIN,Stevenson Memorial Hospital,G,Non-Teaching, — , 10 , — , — , — , — , 29 , 39 
ON,Central West LHIN,Headwaters Health Care Centre,G,Non-Teaching, 4 , 7 , — , — , — , 19 , 46 , 76 
ON,Central West LHIN,William Osler Health System,G,Non-Teaching, 54 , 58 , 27 , 97 , 80 , 25 , 517 , 858 
ON,Champlain LHIN,Almonte General Hospital,G,Non-Teaching, — , 5 , — , — , — , 26 , 16 , 47 
ON,Champlain LHIN,Arnprior & District Memorial Hospital,G,Non-Teaching, — , — , — , — , — , 14 , 30 , 44 
ON,Champlain LHIN,Bruyère Continuing Care,"E,R,G",Non-Teaching, — , — , — , — , 78 , 367 , — , 445 
ON,Champlain LHIN,Carleton Place and District Memorial Hospital,G,Non-Teaching, — , — , — , — , — , — , 33 , 33 
ON,Champlain LHIN,Children’s Hospital of Eastern Ontario,S-Ped,Teaching, 10 , — , — , 24 , — , — , 99 , 133 
ON,Champlain LHIN,Cornwall Community Hospital,G,Non-Teaching, 10 , 10 , 4 , 16 , 10 , — , 95 , 145 
ON,Champlain LHIN,Deep River and District Hospital,G,Non-Teaching, — , — , — , — , — , — , 12 , 12 
ON,Champlain LHIN,Hôpital général de Hawkesbury & District General Hospital,G,Non-Teaching, 4 , 8 , — , — , — , 18 , 41 , 71 
ON,Champlain LHIN,Hôpital Glengarry Memorial Hospital,G,Non-Teaching, — , — , — , — , 10 , 5 , 22 , 37 
ON,Champlain LHIN,Hôpital Montfort,G,Non-Teaching, 12 , 27 , — , 49 , 21 , — , 167 , 276 
ON,Champlain LHIN,Kemptville District Hospital,G,Non-Teaching, — , — , — , — , — , 2 , 24 , 26 
ON,Champlain LHIN,Pembroke Regional Hospital Inc.,G,Non-Teaching, 7 , 7 , — , 15 , 22 , 18 , 68 , 137 
ON,Champlain LHIN,Queensway Carleton Hospital,G,Non-Teaching, 12 , 34 , — , 26 , 38 , — , 177 , 287 
ON,Champlain LHIN,Renfrew Victoria Hospital,G,Non-Teaching, 3 , — , — , — , — , 24 , 28 , 55 
ON,Champlain LHIN,Royal Ottawa Health Care Group,S-Psy,Non-Teaching, — , — , — , 258 , — , — , — , 258 
ON,Champlain LHIN,St. Francis Memorial Hospital,G,Non-Teaching, — , — , — , — , — , 10 , 10 , 20 
ON,Champlain LHIN,St. Joseph’s Continuing Care Centre McConnell Avenue Site,G,Non-Teaching, — , — , — , — , — , 58 , — , 58 
ON,Champlain LHIN,The Ottawa Hospital,G,Teaching, 56 , 49 , — , 88 , 69 , — , 737 , 999 
ON,Champlain LHIN,University of Ottawa Heart Institute,G,Non-Teaching, 34 , — , — , — , — , — , 103 , 137 
ON,Champlain LHIN,Winchester District Memorial Hospital,G,Non-Teaching, — , 5 , — , — , — , 17 , 33 , 55 
ON,Erie St. Clair LHIN,Bluewater Health,G,Non-Teaching, 14 , 10 , 10 , 29 , 40 , 50 , 144 , 297 
ON,Erie St. Clair LHIN,Chatham-Kent Health Alliance,G,Non-Teaching, 10 , 11 , 3 , 21 , 28 , 30 , 101 , 204 
ON,Erie St. Clair LHIN,Erie Shores HealthCare,G,Non-Teaching, 2 , 3 , — , — , 10 , 2 , 41 , 58 
ON,Erie St. Clair LHIN,Hôtel-Dieu Grace Healthcare,G,Non-Teaching, — , — , — , 49 , 90 , 120 , — , 259 
ON,Erie St. Clair LHIN,Windsor Regional Hospital,G,Non-Teaching, 49 , 40 , 16 , 74 , 4 , — , 366 , 549 
ON,Hamilton Niagara Haldimand Brant LHIN,Brant Community Healthcare System,G,Non-Teaching, 16 , 15 , 8 , 18 , 45 , 46 , 116 , 264 
ON,Hamilton Niagara Haldimand Brant LHIN,Haldimand War Memorial Hospital,G,Non-Teaching, — , — , 1 , — , — , 13 , 26 , 40 
ON,Hamilton Niagara Haldimand Brant LHIN,Hamilton Health Sciences,G,Teaching, 111 , 50 , 58 , 26 , 117 , 232 , 616 ," 1,210 "
ON,Hamilton Niagara Haldimand Brant LHIN,Hotel Dieu Shaver Health and Rehabilitation Centre,G,Non-Teaching, — , — , — , — , 37 , 97 , — , 134 
ON,Hamilton Niagara Haldimand Brant LHIN,Joseph Brant Hospital,G,Non-Teaching, 15 , 27 , 6 , 16 , 26 , 33 , 130 , 253 
ON,Hamilton Niagara Haldimand Brant LHIN,Niagara Health System,G,Non-Teaching, 50 , 28 , 16 , 91 , — , 171 , 401 , 757 
ON,Hamilton Niagara Haldimand Brant LHIN,Norfolk General Hospital,G,Non-Teaching, 6 , 5 , — , — , — , 26 , 61 , 98 
ON,Hamilton Niagara Haldimand Brant LHIN,St. Joseph’s Healthcare Hamilton,G,Teaching, 33 , 21 , — , 342 , 20 , 46 , 297 , 759 
ON,Hamilton Niagara Haldimand Brant LHIN,West Haldimand General Hospital,G,Non-Teaching, — , — , — , — , — , — , 23 , 23 
ON,Mississauga Halton LHIN,Halton Healthcare Services,G,Non-Teaching, 27 , 35 , 8 , 53 , 52 , 110 , 312 , 597 
ON,Mississauga Halton LHIN,Trillium Health Partners,G,Non-Teaching, 84 , 71 , 38 , 89 , 144 , 159 , 747 ," 1,332 "
ON,North East LHIN,Anson General Hospital,G,Non-Teaching, — , — , — , — , — , — , 34 , 34 
ON,North East LHIN,Bingham Memorial Hospital,G,Non-Teaching, — , — , — , — , — , 20 , 17 , 37 
ON,North East LHIN,Blind River District Health Centre,G,Non-Teaching, — , — , — , — , — , 20 , 20 , 40 
ON,North East LHIN,Englehart and District Hospital,G,Non-Teaching, — , — , — , — , — , — , 29 , 29 
ON,North East LHIN,Espanola General Hospital,G,Non-Teaching, — , — , — , — , — , 32 , 15 , 47 
ON,North East LHIN,Health Sciences North / Horizon Santé-Nord,G,Non-Teaching, 23 , 9 , 8 , 68 , 30 , — , 307 , 445 
ON,North East LHIN,Hôpital de Mattawa Hospital,G,Non-Teaching, — , — , — , — , — , — , 19 , 19 
ON,North East LHIN,Hôpital de Smooth Rock Falls Hospital,G,Non-Teaching, — , — , — , — , — , 20 , 17 , 37 
ON,North East LHIN,Hôpital Notre-Dame Hospital,G,Non-Teaching, — , — , — , — , — , 21 , 23 , 44 
ON,North East LHIN,Hornepayne Community Hospital,G,Non-Teaching, — , — , — , — , — , 12 , 6 , 18 
ON,North East LHIN,Kirkland and District Hospital,G,Non-Teaching, 6 , — , — , — , — , — , 32 , 38 
ON,North East LHIN,Lady Dunn Health Centre,G,Non-Teaching, — , — , — , — , — , 16 , 12 , 28 
ON,North East LHIN,Lady Minto Hospital,G,Non-Teaching, — , — , — , — , — , — , 33 , 33 
ON,North East LHIN,Manitoulin Health Centre,G,Non-Teaching, — , 2 , 4 , — , — , — , 26 , 32 
ON,North East LHIN,North Bay Regional Health Centre,"G,S-Psy",Non-Teaching, 16 , 8 , 7 , 172 , 29 , 42 , 111 , 385 
ON,North East LHIN,Sault Area Hospital,G,Non-Teaching, 12 , 10 , 7 , 34 , 25 , 50 , 104 , 242 
ON,North East LHIN,Sensenbrenner Hospital,G,Non-Teaching, — , — , — , — , — , 20 , 33 , 53 
ON,North East LHIN,Services de santé de Chapleau Health Services,G,Non-Teaching, — , — , — , — , — , 25 , 12 , 37 
ON,North East LHIN,St. Joseph’s General Hospital [Elliot Lake],G,Non-Teaching, 6 , — , — , — , — , 1 , 46 , 53 
ON,North East LHIN,Temiskaming Hospital,G,Non-Teaching, 3 , 5 , — , — , — , 11 , 40 , 59 
ON,North East LHIN,Timmins and District Hospital,G,Non-Teaching, 6 , 15 , 5 , 24 , 10 , 25 , 66 , 151 
ON,North East LHIN,West Nipissing General Hospital,G,Non-Teaching, — , — , 2 , — , — , 19 , 29 , 50 
ON,North East LHIN,West Parry Sound Health Centre,"E,G",Non-Teaching, 6 , 2 , — , — , 5 , 20 , 57 , 90 
ON,North Simcoe Muskoka LHIN,Collingwood General and Marine Hospital,G,Non-Teaching, 5 , 5 , — , — , — , — , 65 , 75 
ON,North Simcoe Muskoka LHIN,Georgian Bay General Hospital,G,Non-Teaching, 6 , 3 , — , — , 15 , 21 , 60 , 105 
ON,North Simcoe Muskoka LHIN,Hôpital privé Beechwood Private Hospital,E,Non-Teaching, — , — , — , — , — , 17 , — , 17 
ON,North Simcoe Muskoka LHIN,Muskoka Algonquin Healthcare,G,Non-Teaching, 9 , 7 , — , — , — , 16 , 64 , 96 
ON,North Simcoe Muskoka LHIN,Orillia Soldiers’ Memorial Hospital,G,Non-Teaching, 8 , 10 , 6 , 23 , 6 , 7 , 79 , 139 
ON,North Simcoe Muskoka LHIN,Royal Victoria Regional Health Centre,G,Non-Teaching, 21 , 16 , 8 , 40 , 32 , — , 211 , 328 
ON,North Simcoe Muskoka LHIN,Waypoint Centre for Mental Health Care,S-Psy,Non-Teaching, — , — , — , 301 , — , — , — , 301 
ON,North West LHIN,Atikokan General Hospital,G,Non-Teaching, — , — , — , — , — , 52 , 15 , 67 
ON,North West LHIN,Dryden Regional Health Centre,G,Non-Teaching, — , — , — , — , — , — , 41 , 41 
ON,North West LHIN,Geraldton District Hospital,G,Non-Teaching, — , — , — , — , — , 23 , 18 , 41 
ON,North West LHIN,Lake of the Woods District Hospital,G,Non-Teaching, 4 , 5 , — , 17 , — , — , 46 , 72 
ON,North West LHIN,Nipigon District Memorial Hospital,G,Non-Teaching, — , — , — , — , — , 10 , 8 , 18 
ON,North West LHIN,North of Superior Healthcare Group,"E,G",Non-Teaching, — , 2 , — , — , — , 25 , 17 , 44 
ON,North West LHIN,Red Lake Margaret Cochenour Memorial Hospital,G,Non-Teaching, — , — , — , — , — , — , 17 , 17 
ON,North West LHIN,Riverside Health Care Facilities Inc.,G,Non-Teaching, 3 , 2 , 2 , — , — , 33 , 72 , 112 
ON,North West LHIN,Santé Manitouwadge Health,G,Non-Teaching, — , — , — , — , — , 9 , 9 , 18 
ON,North West LHIN,Sioux Lookout Meno Ya Win Health Centre,G,Non-Teaching, — , 5 , — , — , — , 20 , 55 , 80 
ON,North West LHIN,St. Joseph’s Care Group,"E,S-Psy,R",Non-Teaching, — , — , — , 39 , 50 , 180 , — , 269 
ON,North West LHIN,Thunder Bay Regional Health Sciences Centre,G,Non-Teaching, 22 , 18 , 12 , 58 , — , — , 278 , 388 
ON,South East LHIN,Brockville General Hospital,G,Non-Teaching, 9 , 13 , — , 24 , — , 47 , 55 , 148 
ON,South East LHIN,Kingston Health Sciences Centre,G,Non-Teaching, 65 , 17 , 14 , 46 , — , — , 332 , 474 
ON,South East LHIN,Lennox and Addington County General Hospital,G,Non-Teaching, — , — , — , — , — , — , 30 , 30 
ON,South East LHIN,Perth and Smiths Falls District Hospital,G,Non-Teaching, 8 , 4 , — , — , — , — , 74 , 86 
ON,South East LHIN,Quinte Health Care,G,Non-Teaching, 15 , 14 , 6 , 22 , 43 , 20 , 136 , 256 
ON,South East LHIN,St. Mary’s of the Lake Hospital,"S-Psy,E,R",Non-Teaching, — , — , — , 120 , 50 , 100 , — , 270 
ON,South West LHIN,Alexandra Hospital,G,Non-Teaching, 4 , — , — , — , — , 5 , 17 , 26 
ON,South West LHIN,Alexandra Marine and General Hospital,G,Non-Teaching, 4 , 2 , — , 20 , — , — , 16 , 42 
ON,South West LHIN,Clinton Public Hospital,G,Non-Teaching, — , — , — , — , — , — , 20 , 20 
ON,South West LHIN,Four Counties Health Services,G,Non-Teaching, — , — , — , — , — , — , 12 , 12 
ON,South West LHIN,Grey Bruce Health Services,G,Non-Teaching, 18 , 16 , — , 39 , 16 , 10 , 122 , 221 
ON,South West LHIN,Hanover and District Hospital,G,Non-Teaching, — , 2 , — , — , — , — , 26 , 28 
ON,South West LHIN,Listowel Memorial Hospital,G,Non-Teaching, — , 4 , — , — , — , 15 , 20 , 39 
ON,South West LHIN,London Health Sciences Centre,G,Teaching, 96 , 63 , 61 , 114 , — , — , 697 ," 1,031 "
ON,South West LHIN,Seaforth Community Hospital,G,Non-Teaching, — , — , — , — , — , — , 20 , 20 
ON,South West LHIN,South Bruce Grey Health Centre,G,Non-Teaching, — , 3 , — , — , — , — , 74 , 77 
ON,South West LHIN,South Huron Hospital,G,Non-Teaching, — , — , — , — , — , — , 19 , 19 
ON,South West LHIN,St. Joseph’s Health Care London,"S-Psy,E,G,R",Teaching, — , — , — , 238 , 114 , 123 , 13 , 488 
ON,South West LHIN,St. Marys Memorial Hospital,G,Non-Teaching, — , — , — , — , — , — , 20 , 20 
ON,South West LHIN,St. Thomas Elgin General Hospital,G,Non-Teaching, 10 , 6 , 6 , 15 , 15 , 30 , 73 , 155 
ON,South West LHIN,Stratford General Hospital,G,Non-Teaching, 6 , 11 , 4 , 15 , 8 , 5 , 62 , 111 
ON,South West LHIN,Strathroy Middlesex General Hospital,G,Non-Teaching, 4 , — , — , — , — , — , 50 , 54 
ON,South West LHIN,Tillsonburg District Memorial Hospital,G,Non-Teaching, 5 , — , — , — , — , 10 , 32 , 47 
ON,South West LHIN,Wingham and District Hospital,G,Non-Teaching, — , — , — , — , 5 , 5 , 22 , 32 
ON,South West LHIN,Woodstock General Hospital,G,Non-Teaching, 12 , 14 , — , 16 , 22 , 21 , 74 , 159 
ON,Toronto Central LHIN,Baycrest,"E,R,S-Psy",Non-Teaching, — , — , — , 20 , 32 , 210 , — , 262 
ON,Toronto Central LHIN,Casey House,S-Oth,Non-Teaching, — , — , — , — , — , — , 14 , 14 
ON,Toronto Central LHIN,Centre for Addiction and Mental Health,S-Psy,Non-Teaching, — , — , — , 463 , — , — , — , 463 
ON,Toronto Central LHIN,Holland Bloorview Kids Rehabilitation Hospital,"R,E",Non-Teaching, — , — , — , — , 42 , 20 , — , 62 
ON,Toronto Central LHIN,Hospital for Sick Children,S-Ped,Teaching, 35 , — , — , 12 , — , — , 215 , 262 
ON,Toronto Central LHIN,Michael Garron Hospital,G,Non-Teaching, 26 , 33 , 7 , 45 , 13 , 75 , 170 , 369 
ON,Toronto Central LHIN,Providence Healthcare,"E,R",Non-Teaching, — , — , — , — , 134 , 111 , — , 245 
ON,Toronto Central LHIN,Runnymede Healthcare Centre,E,Non-Teaching, — , — , — , — , — , 206 , — , 206 
ON,Toronto Central LHIN,Sinai Health System,G,Non-Teaching, 24 , 64 , — , 15 , 96 , 324 , 195 , 718 
ON,Toronto Central LHIN,St. Joseph’s Health Centre Toronto,G,Non-Teaching, 23 , 30 , 10 , 48 , — , — , 273 , 384 
ON,Toronto Central LHIN,St. Michael’s Hospital,G,Teaching, 73 , 19 , — , 33 , — , — , 323 , 448 
ON,Toronto Central LHIN,Sunnybrook Health Sciences Centre,G,Teaching, 70 , 48 , — , 34 , 160 , 340 , 413 ," 1,065 "
ON,Toronto Central LHIN,The Salvation Army Toronto Grace Health Centre,"E,G",Non-Teaching, — , — , — , — , — , 101 , 19 , 120 
ON,Toronto Central LHIN,University Health Network,G,Teaching, 93 , — , — , 34 , 212 , 185 , 696 ," 1,220 "
ON,Toronto Central LHIN,West Park Healthcare Centre,"E,R",Non-Teaching, — , — , — , — , 119 , 142 , — , 261 
ON,Waterloo Wellington LHIN,Cambridge Memorial Hospital,G,Non-Teaching, 7 , 5 , 7 , 20 , 14 , — , 81 , 134 
ON,Waterloo Wellington LHIN,Grand River Hospital,G,Non-Teaching, 19 , 41 , 12 , 115 , 32 , 110 , 177 , 506 
ON,Waterloo Wellington LHIN,Groves Memorial Community Hospital,G,Non-Teaching, — , 3 , — , — , — , 8 , 27 , 38 
ON,Waterloo Wellington LHIN,Guelph General Hospital,G,Non-Teaching, 22 , 22 , 8 , — , — , — , 137 , 189 
ON,Waterloo Wellington LHIN,Homewood Health Centre Inc.,S-Psy,Non-Teaching, — , — , — , 298 , — , — , — , 298 
ON,Waterloo Wellington LHIN,North Wellington Health Care Corporation,G,Non-Teaching, — , 2 , — , — , — , — , 28 , 30 
ON,Waterloo Wellington LHIN,St. Joseph’s Health Centre Guelph,"E,R",Non-Teaching, — , — , — , — , 28 , 62 , — , 90 
ON,Waterloo Wellington LHIN,St. Mary’s General Hospital,G,Non-Teaching, 28 , — , — , — , — , — , 140 , 168 
PE,Health PEI,Hillsborough Hospital,S-Psy,Non-Teaching, — , — , — , 69 , — , — , — , 69 
PE,Health PEI,Kings County Memorial Hospital,G,Non-Teaching, — , — , — , — , — , — , 30 , 30 
PE,Health PEI,O’Leary Community Hospital,"G,E",Non-Teaching, — , — , — , — , — , — , 13 , 13 
PE,Health PEI,Prince County Hospital,"G,C,R,S-Psy",Non-Teaching, 6 , 9 , 7 , 14 , — , — , 64 , 100 
PE,Health PEI,Queen Elizabeth Hospital,"G,C,R",Non-Teaching, 18 , 15 , 12 , 24 , 20 , — , 144 , 233 
PE,Health PEI,Souris Hospital,G,Non-Teaching, — , — , — , — , — , — , 17 , 17 
PE,Health PEI,Western Hospital,G,Non-Teaching, — , — , — , — , — , — , 27 , 27 
SK,Cypress Health Region,Cypress Regional Hospital,"G,S-Ped,S-Psy",Non-Teaching, 11 , 20 , — , — , — , — , 48 , 79 
SK,Cypress Health Region,Herbert and District Integrated Health Facility,G,Non-Teaching, — , — , — , — , — , — , 8 , 8 
SK,Cypress Health Region,Leader Hospital,G,Non-Teaching, — , — , — , — , — , — , 10 , 10 
SK,Cypress Health Region,Shaunavon Hospital and Care Centre,G,Non-Teaching, — , — , — , — , — , — , 10 , 10 
SK,Cypress Health Region,Southwest Integrated Healthcare Facility,G,Non-Teaching, — , — , — , — , — , — , 10 , 10 
SK,Five Hills Health Region,Assiniboia Union Hospital,"G,E",Non-Teaching, — , — , — , — , — , — , 17 , 17 
SK,Five Hills Health Region,Central Butte Regency Hospital,"G,E",Non-Teaching, — , — , — , — , — , — , 5 , 5 
SK,Five Hills Health Region,Dr. F.H. Wigmore Regional Hospital,G,Non-Teaching, 4 , 7 , 10 , 12 , — , — , 40 , 73 
SK,Five Hills Health Region,Emmanuel Care - St. Joseph’s Hospital/Foyer d’Youville,"G,E",Non-Teaching, — , — , — , — , — , — , 9 , 9 
SK,Heartland Health Region,Biggar Hospital,G,Non-Teaching, — , — , — , — , — , — , 15 , 15 
SK,Heartland Health Region,Davidson Health Centre,G,Non-Teaching, — , — , — , — , — , — , 6 , 6 
SK,Heartland Health Region,Kerrobert Integrated Health Centre,G,Non-Teaching, — , — , — , — , — , — , 8 , 8 
SK,Heartland Health Region,Kindersley and District Health Centre,G,Non-Teaching, — , — , — , — , — , — , 26 , 26 
SK,Heartland Health Region,Outlook and District Health Centre,G,Non-Teaching, — , — , — , — , — , — , 13 , 13 
SK,Heartland Health Region,Rosetown Health Centre,G,Non-Teaching, — , — , — , — , — , — , 21 , 21 
SK,Heartland Health Region,Unity and District Health Centre,G,Non-Teaching, — , — , — , — , — , — , 11 , 11 
SK,Keewatin Yatthé Health Region,La Loche Health Centre,"G,E",Non-Teaching, — , — , — , — , — , — , 19 , 19 
SK,Keewatin Yatthé Health Region,St. Joseph’s Health Centre,"G,E",Non-Teaching, — , — , — , — , — , — , 13 , 13 
SK,Kelsey Trail Health Region,Hudson Bay Health Care Facility,G,Non-Teaching, — , — , — , — , — , — , 5 , 5 
SK,Kelsey Trail Health Region,Kelvington Hospital,G,Non-Teaching, — , — , — , — , — , — , 7 , 7 
SK,Kelsey Trail Health Region,Melfort Hospital,G,Non-Teaching, — , — , — , — , — , — , 24 , 24 
SK,Kelsey Trail Health Region,Nipawin Hospital,G,Non-Teaching, — , — , — , — , — , — , 24 , 24 
SK,Kelsey Trail Health Region,Porcupine Carragana Hospital,G,Non-Teaching, — , — , — , — , — , — , 7 , 7 
SK,Kelsey Trail Health Region,Tisdale Hospital,G,Non-Teaching, — , — , — , — , — , — , 15 , 15 
SK,Mamawetan Churchill River Health Region,La Ronge Health Centre,G,Non-Teaching, — , — , — , — , — , — , 24 , 24 
SK,Prairie North Health Region,Battlefords Union Hospital,"G,S-Psy",Non-Teaching, 3 , 15 , — , — , — , — , 51 , 69 
SK,Prairie North Health Region,Lloydminster Hospital,G,Non-Teaching, — , 15 , — , — , — , — , 39 , 54 
SK,Prairie North Health Region,Maidstone Health Complex,G,Non-Teaching, — , — , — , — , — , — , 28 , 28 
SK,Prairie North Health Region,Northwest Health Facility,G,Non-Teaching, — , — , — , — , — , — , 25 , 25 
SK,Prairie North Health Region,Riverside Health Complex,G,Non-Teaching, — , — , — , — , — , — , 11 , 11 
SK,Prairie North Health Region,Saskatchewan Hospital,S-Psy,Non-Teaching, — , — , — , 193 , — , — , — , 193 
SK,Prince Albert Parkland Health Region,Parkland Integrated Health Centre,G,Non-Teaching, — , — , — , — , — , — , 20 , 20 
SK,Prince Albert Parkland Health Region,Victoria Hospital,G,Non-Teaching, 8 , 13 , 14 , 39 , — , — , 99 , 173 
SK,Regina Qu’Appelle Health Region,Balcarres Integrated Care Centre,G,Non-Teaching, — , — , — , — , — , — , — , 9† 
SK,Regina Qu’Appelle Health Region,Broadview Union Hospital,G,Non-Teaching, — , — , — , — , — , — , 16 , 16 
SK,Regina Qu’Appelle Health Region,Indian Head Hospital,G,Non-Teaching, — , — , — , — , — , — , 15 , 15 
SK,Regina Qu’Appelle Health Region,Pasqua Hospital,"G,S-Ped",Teaching, 6 , — , — , — , — , 24 , 243 , 273 
SK,Regina Qu’Appelle Health Region,Regina General Hospital,"G,S-Psy,S-Ped",Teaching, 31 , 36 , 26 , 60 , — , — , 315 , 468 
SK,Regina Qu’Appelle Health Region,Southeast Integrated Care Centre - Moosomin,G,Non-Teaching, — , — , — , — , — , — , 27 , 27 
SK,Regina Qu’Appelle Health Region,St. Joseph’s Integrated Care Centre,G,Non-Teaching, — , — , — , — , — , — , — , 5† 
SK,Regina Qu’Appelle Health Region,Wascana Rehabilitation Centre,R,Non-Teaching, — , — , — , — , 45 , — , — , 45 
SK,Regina Qu’Appelle Health Region,Wolseley Memorial Hospital,G,Non-Teaching, — , — , — , — , — , — , 10 , 10 
SK,Saskatoon Health Region,Emmanuel Care - St. Paul’s Hospital,"G,S-Oth",Teaching, 9 , — , — , — , — , — , 219 , 228 
SK,Saskatoon Health Region,Humboldt District Hospital,"G,S-Oth",Non-Teaching, — , — , — , — , — , — , 38 , 38 
SK,Saskatoon Health Region,Lanigan Hospital,"G,E",Non-Teaching, — , — , — , — , — , — , 10 , 10 
SK,Saskatoon Health Region,Rosthern Hospital,G,Non-Teaching, — , — , — , — , — , — , 19 , 19 
SK,Saskatoon Health Region,Royal University Hospital,"G,S-Psy,S-Oth,S-Ped",Teaching, 23 , 41 , 37 , 63 , — , — , 221 , 385 
SK,Saskatoon Health Region,Saskatoon City Hospital,"G,R,S-Oth",Teaching, — , — , — , — , 35 , 28 , 92 , 155 
SK,Saskatoon Health Region,Wadena Hospital,"G,E",Non-Teaching, — , — , — , — , — , — , 20 , 20 
SK,Saskatoon Health Region,Watrous Hospital,G,Non-Teaching, — , — , — , — , — , — , 8 , 8 
SK,Saskatoon Health Region,Wynyard Integrated Hospital,G,Non-Teaching, — , — , — , — , — , — , 8 , 8 
SK,Sun Country Health Region,Arcola Health Centre,G,Non-Teaching, — , — , — , — , — , — , 12 , 12 
SK,Sun Country Health Region,Emmanuel Care - St. Joseph’s Hospital [Estevan],G,Non-Teaching, — , — , — , — , — , — , 53 , 53 
SK,Sun Country Health Region,Kipling Integrated Health Centre,G,Non-Teaching, — , — , — , — , — , — , 12 , 12 
SK,Sun Country Health Region,Redvers Health Centre,G,Non-Teaching, — , — , — , — , — , — , 5 , 5 
SK,Sun Country Health Region,Weyburn General Hospital,G,Non-Teaching, 5 , — , — , — , — , — , 35 , 40 
SK,Sunrise Health Region,Canora Hospital,G,Non-Teaching, — , — , — , — , — , — , 16 , 16 
SK,Sunrise Health Region,Emmanuel Care - St. Anthony’s Hospital,G,Non-Teaching, — , — , — , — , — , — , 22 , 22 
SK,Sunrise Health Region,Emmanuel Care - St. Peter’s Hospital [Melville],G,Non-Teaching, — , — , — , — , — , — , 30 , 30 
SK,Sunrise Health Region,Kamsack Hospital and Nursing Home,G,Non-Teaching, — , — , — , — , — , — , 20 , 20 
SK,Sunrise Health Region,Preeceville and District Health Centre,G,Non-Teaching, — , — , — , — , — , — , 10 , 10 
SK,Sunrise Health Region,Yorkton Regional Health Centre,"G,S-Psy,S-Ped",Non-Teaching, 6 , 14 , 13 , — , — , — , 54 , 87 
YT,Yukon,Dawson City Community Hospital,G,Non-Teaching, — , — , — , — , — , — , — , 6† 
YT,Yukon,Watson Lake Community Hospital,G,Non-Teaching, — , — , — , — , — , — , — , 6† 
YT,Yukon,Whitehorse General Hospital,G,Non-Teaching, — , — , — , — , — , — , 55 , 55 